hpo_id,hpo_name,categories,ic,A_zebraseek_final_correct_count,A_zebraseek_final_correct_rate,B_initial_pcf_or_gm_correct_final_wrong_count,B_initial_pcf_or_gm_correct_final_wrong_rate,C_no_major_tool_correct_count,C_no_major_tool_correct_rate,max_rate_delta
HP:0000470,Short neck,Abnormality of head or neck; Abnormality of the musculoskeletal system,4.431945847886791,5,0.5,3,1.0,1,0.167,0.833
HP:0000316,Hypertelorism,Abnormality of the eye,3.298636970132768,5,0.5,0,0.0,5,0.833,0.833
HP:0001263,Global developmental delay,Abnormality of the nervous system,2.107140992243865,4,0.4,0,0.0,5,0.833,0.833
HP:0000581,Blepharophimosis,Abnormality of head or neck,5.778560821625623,6,0.6,0,0.0,3,0.5,0.6
HP:0000768,Pectus carinatum,Abnormality of the musculoskeletal system,5.61925292755734,1,0.1,1,0.333,4,0.667,0.567
HP:0000028,Cryptorchidism,Abnormality of the genitourinary system,3.652419791492539,2,0.2,0,0.0,3,0.5,0.5
HP:0000750,Delayed speech and language development,Abnormality of the nervous system,3.002938008133732,4,0.4,0,0.0,3,0.5,0.5
HP:0000508,Ptosis,Abnormality of the eye,3.744187777804219,2,0.2,1,0.333,4,0.667,0.467
HP:0001252,Hypotonia,Abnormality of the musculoskeletal system,2.2058557866597512,6,0.6,1,0.333,1,0.167,0.433
HP:0001159,Syndactyly,Abnormality of the musculoskeletal system; Abnormality of limbs,4.203395947971947,1,0.1,1,0.333,3,0.5,0.4
HP:0001643,Patent ductus arteriosus,Abnormality of the cardiovascular system,4.645725138918531,7,0.7,1,0.333,3,0.5,0.367
HP:0012523,Oral aversion,Abnormality of the nervous system,10.230687639639687,0,0.0,0,0.0,2,0.333,0.333
HP:0002680,J-shaped sella turcica,Abnormality of head or neck; Abnormality of the musculoskeletal system,9.700172922940908,0,0.0,1,0.333,0,0.0,0.333
HP:0001791,Fetal ascites,Abnormality of prenatal development or birth; Abnormality of the digestive system,9.593257719024395,0,0.0,1,0.333,0,0.0,0.333
HP:0005619,Thoracolumbar kyphosis,Abnormality of the musculoskeletal system,8.756756451307275,0,0.0,1,0.333,0,0.0,0.333
HP:0000586,Shallow orbits,Abnormality of head or neck; Abnormality of the eye; Abnormality of the musculoskeletal system,8.008295218303239,0,0.0,1,0.333,1,0.167,0.333
HP:0000894,Short clavicles,Abnormality of the musculoskeletal system,7.908759544752325,0,0.0,1,0.333,0,0.0,0.333
HP:0001476,Delayed closure of the anterior fontanelle,Abnormality of head or neck; Abnormality of the musculoskeletal system,7.908759544752325,0,0.0,1,0.333,0,0.0,0.333
HP:0000698,Conical tooth,Abnormality of head or neck,7.728187299110504,1,0.1,1,0.333,0,0.0,0.333
HP:0000034,Hydrocele testis,Abnormality of the genitourinary system,7.593257719024395,0,0.0,1,0.333,0,0.0,0.333
HP:0002141,Gait imbalance,Abnormality of the nervous system,7.593257719024395,0,0.0,1,0.333,0,0.0,0.333
HP:0009046,Difficulty running,Abnormality of the musculoskeletal system,7.542631645954427,0,0.0,1,0.333,0,0.0,0.333
HP:0000003,Multicystic kidney dysplasia,Abnormality of the genitourinary system,7.096831892904897,0,0.0,1,0.333,0,0.0,0.333
HP:0005487,Prominent metopic ridge,Abnormality of head or neck; Abnormality of the musculoskeletal system,7.096831892904897,0,0.0,1,0.333,1,0.167,0.333
HP:0002937,Hemivertebrae,Abnormality of the musculoskeletal system,6.924879210115601,1,0.1,1,0.333,0,0.0,0.333
HP:0002091,Restrictive ventilatory defect,Abnormality of the respiratory system,6.659145654680852,0,0.0,1,0.333,0,0.0,0.333
HP:0000473,Torticollis,Abnormality of head or neck; Abnormality of the nervous system; Abnormality of the musculoskeletal system,6.645725138918531,0,0.0,1,0.333,0,0.0,0.333
HP:0000260,Wide anterior fontanel,Abnormality of head or neck; Abnormality of the musculoskeletal system,6.593257719024395,0,0.0,1,0.333,0,0.0,0.333
HP:0100806,Sepsis,Abnormality of the immune system,6.356218521723545,0,0.0,1,0.333,0,0.0,0.333
HP:0012745,Short palpebral fissure,Abnormality of head or neck,6.24074130430361,2,0.2,1,0.333,0,0.0,0.333
HP:0006610,Wide intermamillary distance,Abnormality of the breast,6.19115927545305,0,0.0,0,0.0,2,0.333,0.333
HP:0002643,Neonatal respiratory distress,Abnormality of the respiratory system,6.087729685797644,0,0.0,1,0.333,0,0.0,0.333
HP:0000691,Microdontia,Abnormality of head or neck,6.043060636463916,0,0.0,0,0.0,2,0.333,0.333
HP:0001254,Lethargy,Abnormality of the nervous system,5.800699798894872,0,0.0,1,0.333,0,0.0,0.333
HP:0002878,Respiratory failure,Abnormality of the respiratory system,5.749560949903071,0,0.0,1,0.333,0,0.0,0.333
HP:0005257,Thoracic hypoplasia,Abnormality of the musculoskeletal system,5.7071256835826745,0,0.0,1,0.333,0,0.0,0.333
HP:0001010,Hypopigmentation of the skin,Abnormality of the integument,5.625825581480826,0,0.0,1,0.333,0,0.0,0.333
HP:0000268,Dolichocephaly,Abnormality of head or neck; Abnormality of the musculoskeletal system,5.469875303519113,1,0.1,1,0.333,0,0.0,0.333
HP:0000414,Bulbous nose,Abnormality of head or neck,5.434828356419913,1,0.1,0,0.0,2,0.333,0.333
HP:0000303,Mandibular prognathia,Abnormality of head or neck; Abnormality of the musculoskeletal system,5.16220790175692,0,0.0,1,0.333,0,0.0,0.333
HP:0002750,Delayed skeletal maturation,Abnormality of the musculoskeletal system,4.873135635021603,0,0.0,1,0.333,0,0.0,0.333
HP:0002020,Gastroesophageal reflux,Abnormality of the digestive system,4.580433678666812,1,0.1,0,0.0,2,0.333,0.333
HP:0001762,Talipes equinovarus,Abnormality of limbs,4.4669219861297655,0,0.0,1,0.333,0,0.0,0.333
HP:0000343,Long philtrum,Abnormality of head or neck,4.458098135742759,0,0.0,1,0.333,0,0.0,0.333
HP:0001344,Absent speech,Abnormality of the nervous system,4.400612641082,0,0.0,1,0.333,1,0.167,0.333
HP:0000358,Posteriorly rotated ears,Abnormality of the ear,4.358953489444785,2,0.2,0,0.0,2,0.333,0.333
HP:0000545,Myopia,Abnormality of the eye,4.302580558121472,0,0.0,0,0.0,2,0.333,0.333
HP:0002194,Delayed gross motor development,Abnormality of the nervous system,4.253407716139771,0,0.0,1,0.333,0,0.0,0.333
HP:0002119,Ventriculomegaly,Abnormality of the nervous system,3.744187777804219,1,0.1,0,0.0,2,0.333,0.333
HP:0000347,Micrognathia,Abnormality of head or neck; Abnormality of the musculoskeletal system,3.3439749259687988,1,0.1,1,0.333,0,0.0,0.333
HP:0000708,Atypical behavior,Abnormality of the nervous system,2.5708899059959407,0,0.0,1,0.333,0,0.0,0.333
HP:0001250,Seizure,Abnormality of the nervous system,2.0250301285914927,2,0.2,1,0.333,0,0.0,0.333
HP:0000243,Trigonocephaly,Abnormality of head or neck; Abnormality of the musculoskeletal system,7.230687639639687,3,0.3,0,0.0,1,0.167,0.3
HP:0001845,Overlapping toe,Abnormality of the musculoskeletal system; Abnormality of limbs,6.6726921865188,3,0.3,0,0.0,1,0.167,0.3
HP:0000506,Telecanthus,Abnormality of head or neck,5.475800137476218,3,0.3,0,0.0,0,0.0,0.3
HP:0011968,Feeding difficulties,Abnormality of the digestive system,3.054098907916364,4,0.4,2,0.667,4,0.667,0.267
HP:0045025,Narrow palpebral fissure,Abnormality of head or neck,6.785902796966791,1,0.1,1,0.333,1,0.167,0.233
HP:0000717,Autism,Abnormality of the nervous system,5.756756451307274,1,0.1,1,0.333,1,0.167,0.233
HP:0001631,Atrial septal defect,Abnormality of the cardiovascular system,4.271329624137032,1,0.1,1,0.333,1,0.167,0.233
HP:0001629,Ventricular septal defect,Abnormality of the cardiovascular system,4.150314223175667,1,0.1,1,0.333,1,0.167,0.233
HP:0005280,Depressed nasal bridge,Abnormality of head or neck,3.999733204799815,1,0.1,1,0.333,1,0.167,0.233
HP:0000369,Low-set ears,Abnormality of the ear,3.4937220454734805,1,0.1,1,0.333,2,0.333,0.233
HP:0000474,Thickened nuchal skin fold,Abnormality of head or neck; Abnormality of prenatal development or birth,7.815650140360844,2,0.2,0,0.0,0,0.0,0.2
HP:0006970,Periventricular leukomalacia,Abnormality of the nervous system,7.700172922940907,2,0.2,0,0.0,0,0.0,0.2
HP:0006956,Lateral ventricle dilatation,Abnormality of the nervous system,6.555122590137624,2,0.2,0,0.0,0,0.0,0.2
HP:0002033,Poor suck,Abnormality of the digestive system,6.281671568358492,2,0.2,0,0.0,0,0.0,0.2
HP:0001763,Pes planus,Abnormality of limbs,4.896786903086249,3,0.3,1,0.333,3,0.5,0.2
HP:0000278,Retrognathia,Abnormality of head or neck; Abnormality of the musculoskeletal system,4.717618057400316,2,0.2,0,0.0,1,0.167,0.2
HP:0000463,Anteverted nares,Abnormality of head or neck,4.273908168238809,2,0.2,0,0.0,1,0.167,0.2
HP:0000494,Downslanted palpebral fissures,Abnormality of head or neck,4.129149613177625,2,0.2,0,0.0,1,0.167,0.2
HP:0000218,High palate,Abnormality of head or neck,3.51186939218374,2,0.2,0,0.0,1,0.167,0.2
HP:0001270,Motor delay,Abnormality of the nervous system,3.122163182861518,2,0.2,0,0.0,1,0.167,0.2
HP:0000486,Strabismus,Abnormality of the eye,3.1163668912523295,2,0.2,0,0.0,0,0.0,0.2
HP:0000252,Microcephaly,Abnormality of head or neck; Abnormality of the nervous system; Abnormality of the musculoskeletal system,2.670991897528961,2,0.2,0,0.0,0,0.0,0.2
HP:0000365,Hearing impairment,Abnormality of the ear,2.59486876893038,3,0.3,1,0.333,3,0.5,0.2
HP:0032649,Skewfoot,Abnormality of limbs,11.815650140360843,0,0.0,0,0.0,1,0.167,0.167
HP:0005326,Hypoplastic philtrum,Abnormality of head or neck,10.815650140360843,0,0.0,0,0.0,1,0.167,0.167
HP:0004712,Renal malrotation,Abnormality of the genitourinary system,10.400612641081999,0,0.0,0,0.0,1,0.167,0.167
HP:0009774,Triangular shaped phalanges of the hand,Abnormality of the musculoskeletal system; Abnormality of limbs,10.230687639639687,1,0.1,0,0.0,1,0.167,0.167
HP:0025573,Mild myopia,Abnormality of the eye,10.230687639639687,0,0.0,0,0.0,1,0.167,0.167
HP:0009797,Cholesteatoma,Abnormality of the ear; Neoplasm,9.941181022444702,0,0.0,0,0.0,1,0.167,0.167
HP:0040022,Clinodactyly of the 2nd finger,Abnormality of the musculoskeletal system; Abnormality of limbs,9.941181022444702,0,0.0,0,0.0,1,0.167,0.167
HP:0003031,Ulnar bowing,Abnormality of the musculoskeletal system; Abnormality of limbs,8.941181022444702,0,0.0,0,0.0,1,0.167,0.167
HP:0003302,Spondylolisthesis,Abnormality of the musculoskeletal system,8.815650140360843,0,0.0,0,0.0,1,0.167,0.167
HP:0000349,Widow's peak,Abnormality of head or neck; Abnormality of the integument,8.542631645954428,0,0.0,0,0.0,1,0.167,0.167
HP:0009088,Speech articulation difficulties,Abnormality of the nervous system; Abnormality of the voice,8.542631645954428,0,0.0,0,0.0,1,0.167,0.167
HP:0000885,Broad ribs,Abnormality of the musculoskeletal system,8.400612641081999,0,0.0,0,0.0,1,0.167,0.167
HP:0000902,Rib fusion,Abnormality of the musculoskeletal system,8.31314979983166,0,0.0,0,0.0,1,0.167,0.167
HP:0001015,Prominent superficial veins,Abnormality of the integument; Abnormality of the cardiovascular system,8.152685127638414,0,0.0,0,0.0,1,0.167,0.167
HP:0005274,Prominent nasal tip,Abnormality of head or neck,8.152685127638414,0,0.0,0,0.0,1,0.167,0.167
HP:0004970,Ascending tubular aorta aneurysm,Abnormality of the cardiovascular system,8.078684546194637,0,0.0,0,0.0,1,0.167,0.167
HP:0003180,Flat acetabular roof,Abnormality of the musculoskeletal system; Abnormality of limbs,8.008295218303239,0,0.0,0,0.0,1,0.167,0.167
HP:0010721,Abnormal hair whorl,Abnormality of the integument,7.974347886379901,0,0.0,0,0.0,1,0.167,0.167
HP:0000475,Broad neck,Abnormality of head or neck,7.941181022444702,0,0.0,0,0.0,1,0.167,0.167
HP:0000410,Mixed hearing impairment,Abnormality of the ear,7.815650140360844,0,0.0,0,0.0,1,0.167,0.167
HP:0005301,Persistent left superior vena cava,Abnormality of the cardiovascular system,7.6726921865188,1,0.1,0,0.0,1,0.167,0.167
HP:0001195,Single umbilical artery,Abnormality of prenatal development or birth; Abnormality of the cardiovascular system,7.5677226269172575,1,0.1,0,0.0,1,0.167,0.167
HP:0003189,Long nose,Abnormality of head or neck,7.5677226269172575,0,0.0,0,0.0,1,0.167,0.167
HP:0002982,Tibial bowing,Abnormality of the musculoskeletal system; Abnormality of limbs,7.517969591720158,0,0.0,0,0.0,1,0.167,0.167
HP:0034295,Reduced cerebral white matter volume,Abnormality of the nervous system,7.356218521723545,1,0.1,0,0.0,1,0.167,0.167
HP:0003186,Inverted nipples,Abnormality of the breast,7.2508655215773175,1,0.1,0,0.0,1,0.167,0.167
HP:0002779,Tracheomalacia,Abnormality of the respiratory system,7.230687639639687,0,0.0,0,0.0,1,0.167,0.167
HP:0000110,Renal dysplasia,Abnormality of the genitourinary system,7.133826100387098,0,0.0,0,0.0,1,0.167,0.167
HP:0001611,Hypernasal speech,Abnormality of the voice,6.877050685024987,0,0.0,0,0.0,1,0.167,0.167
HP:0002948,Vertebral fusion,Abnormality of the musculoskeletal system,6.877050685024987,0,0.0,0,0.0,1,0.167,0.167
HP:0002789,Tachypnea,Abnormality of the respiratory system,6.815650140360844,0,0.0,0,0.0,1,0.167,0.167
HP:0003042,Elbow dislocation,Abnormality of the musculoskeletal system; Abnormality of limbs,6.645725138918531,0,0.0,0,0.0,1,0.167,0.167
HP:0002938,Lumbar hyperlordosis,Abnormality of the musculoskeletal system,6.481749403807405,0,0.0,0,0.0,1,0.167,0.167
HP:0002566,Intestinal malrotation,Abnormality of the digestive system,6.434828356419913,0,0.0,0,0.0,1,0.167,0.167
HP:0001852,Sandal gap,Abnormality of the musculoskeletal system; Abnormality of limbs,6.378244828053544,0,0.0,0,0.0,1,0.167,0.167
HP:0000307,Pointed chin,Abnormality of head or neck,6.24074130430361,0,0.0,0,0.0,1,0.167,0.167
HP:0000465,Webbed neck,Abnormality of head or neck,6.24074130430361,0,0.0,0,0.0,1,0.167,0.167
HP:0004942,Aortic aneurysm,Abnormality of the cardiovascular system,6.230687639639687,0,0.0,0,0.0,1,0.167,0.167
HP:0012469,Infantile spasms,Abnormality of the nervous system,6.124488235807762,0,0.0,0,0.0,1,0.167,0.167
HP:0000448,Prominent nose,Abnormality of head or neck,6.087729685797644,0,0.0,0,0.0,1,0.167,0.167
HP:0002089,Pulmonary hypoplasia,Abnormality of the respiratory system,6.016908348607947,0,0.0,0,0.0,1,0.167,0.167
HP:0100704,Cerebral visual impairment,Abnormality of the eye,5.941181022444702,1,0.1,0,0.0,1,0.167,0.167
HP:0001655,Patent foramen ovale,Abnormality of the cardiovascular system,5.933007090999002,0,0.0,0,0.0,1,0.167,0.167
HP:0001238,Slender finger,Abnormality of the musculoskeletal system; Abnormality of limbs,5.763988020538351,0,0.0,0,0.0,1,0.167,0.167
HP:0000324,Facial asymmetry,Abnormality of head or neck,5.728187299110504,0,0.0,0,0.0,1,0.167,0.167
HP:0033454,Tube feeding,Abnormality of the digestive system,5.6726921865188,0,0.0,0,0.0,1,0.167,0.167
HP:0002788,Recurrent upper respiratory tract infections,Abnormality of head or neck; Abnormality of the respiratory system; Abnormality of the immune system,5.665903020856161,0,0.0,0,0.0,1,0.167,0.167
HP:0000483,Astigmatism,Abnormality of the eye,5.61925292755734,0,0.0,0,0.0,1,0.167,0.167
HP:0045075,Sparse eyebrow,Abnormality of head or neck; Abnormality of the integument,5.574064153791084,0,0.0,0,0.0,1,0.167,0.167
HP:0000337,Broad forehead,Abnormality of head or neck,5.542631645954427,1,0.1,0,0.0,1,0.167,0.167
HP:0002553,Highly arched eyebrow,Abnormality of head or neck; Abnormality of the integument,5.542631645954427,0,0.0,0,0.0,1,0.167,0.167
HP:0020045,Esodeviation,Abnormality of the eye,5.517969591720158,0,0.0,0,0.0,1,0.167,0.167
HP:0100490,Camptodactyly of finger,Abnormality of the musculoskeletal system; Abnormality of limbs,5.5118693921837405,0,0.0,0,0.0,1,0.167,0.167
HP:0000405,Conductive hearing impairment,Abnormality of the ear,5.286870475032811,1,0.1,0,0.0,1,0.167,0.167
HP:0000107,Renal cyst,Abnormality of the genitourinary system,5.261061288683206,0,0.0,0,0.0,1,0.167,0.167
HP:0000126,Hydronephrosis,Abnormality of the genitourinary system,5.230687639639687,1,0.1,0,0.0,1,0.167,0.167
HP:0000952,Jaundice,Abnormality of the integument; Abnormality of the digestive system,5.1960414968327955,0,0.0,0,0.0,1,0.167,0.167
HP:0010946,Dilatation of the renal pelvis,Abnormality of the genitourinary system,5.176610966883894,0,0.0,0,0.0,1,0.167,0.167
HP:0000272,Malar flattening,Abnormality of head or neck; Abnormality of the musculoskeletal system,5.157438657609048,0,0.0,0,0.0,1,0.167,0.167
HP:0008936,Axial hypotonia,Abnormality of the musculoskeletal system,4.912772607258948,0,0.0,0,0.0,1,0.167,0.167
HP:0031936,Delayed ability to walk,Abnormality of the nervous system,4.865337264461196,3,0.3,1,0.333,1,0.167,0.167
HP:0000023,Inguinal hernia,Abnormality of the digestive system; Abnormality of the musculoskeletal system,4.796986296095807,0,0.0,0,0.0,1,0.167,0.167
HP:0000238,Hydrocephalus,Abnormality of the nervous system,4.615977795524479,1,0.1,0,0.0,1,0.167,0.167
HP:0002013,Vomiting,Abnormality of the digestive system,4.609449752526981,0,0.0,0,0.0,1,0.167,0.167
HP:0010864,Severe intellectual disability,Abnormality of the nervous system,4.602951115228239,0,0.0,0,0.0,1,0.167,0.167
HP:0001256,Mild intellectual disability,Abnormality of the nervous system,4.564562286023929,0,0.0,0,0.0,1,0.167,0.167
HP:0000692,Tooth malposition,Abnormality of head or neck,4.481749403807405,0,0.0,0,0.0,1,0.167,0.167
HP:0034353,Appendicular spasticity,Abnormality of the nervous system; Abnormality of the musculoskeletal system,4.302580558121472,0,0.0,0,0.0,1,0.167,0.167
HP:0002015,Dysphagia,Abnormality of the nervous system; Abnormality of the digestive system,4.049673459535568,0,0.0,0,0.0,1,0.167,0.167
HP:0001260,Dysarthria,Abnormality of the nervous system,4.019069689897415,0,0.0,0,0.0,1,0.167,0.167
HP:0000286,Epicanthus,Abnormality of head or neck,3.8692311805656874,5,0.5,1,0.333,3,0.5,0.167
HP:0033725,Thin corpus callosum,Abnormality of the nervous system,3.4449627335536257,0,0.0,0,0.0,1,0.167,0.167
HP:0001508,Failure to thrive,Growth abnormality,3.327810106537792,1,0.1,0,0.0,1,0.167,0.167
HP:0000639,Nystagmus,Abnormality of the eye,3.3118244023650925,0,0.0,0,0.0,1,0.167,0.167
HP:0002719,Recurrent infections,Abnormality of the immune system,3.1935983209044667,0,0.0,0,0.0,1,0.167,0.167
HP:0004322,Short stature,Growth abnormality,2.5310187978412153,4,0.4,1,0.333,3,0.5,0.167
HP:0001510,Growth delay,Growth abnormality,2.0272036808533036,0,0.0,0,0.0,1,0.167,0.167
HP:0031014,HP:0031014,,,0,0.0,0,0.0,1,0.167,0.167
HP:0009746,Thick nasal septum,Abnormality of head or neck,13.400612641081999,1,0.1,0,0.0,0,0.0,0.1
HP:0032276,Prominent subcalcaneal fat pad,Abnormality of limbs,13.400612641081999,1,0.1,0,0.0,0,0.0,0.1
HP:0001043,Prominent scalp veins,Abnormality of head or neck; Abnormality of the integument; Abnormality of the cardiovascular system,11.400612641081999,1,0.1,0,0.0,0,0.0,0.1
HP:0005617,Bilateral camptodactyly,Abnormality of the musculoskeletal system; Abnormality of limbs,11.078684546194637,1,0.1,0,0.0,0,0.0,0.1
HP:0001088,Brushfield spots,Abnormality of the eye,10.230687639639687,1,0.1,0,0.0,0,0.0,0.1
HP:0003089,Hamstring contractures,Abnormality of the musculoskeletal system,10.078684546194637,1,0.1,0,0.0,0,0.0,0.1
HP:0011636,Abnormal coronary artery origin,Abnormality of the cardiovascular system,10.078684546194637,1,0.1,0,0.0,0,0.0,0.1
HP:0008513,Bilateral conductive hearing impairment,Abnormality of the ear,9.593257719024395,1,0.1,0,0.0,0,0.0,0.1
HP:0033128,Delayed ability to crawl,Abnormality of the nervous system,9.593257719024395,1,0.1,0,0.0,0,0.0,0.1
HP:0002190,Choroid plexus cyst,Abnormality of the nervous system,9.493722045473481,1,0.1,0,0.0,0,0.0,0.1
HP:0000064,Hypoplastic labia minora,Abnormality of the genitourinary system,8.941181022444702,1,0.1,0,0.0,0,0.0,0.1
HP:0001621,Weak voice,Abnormality of the voice,8.941181022444702,1,0.1,0,0.0,0,0.0,0.1
HP:0000914,Shield chest,Abnormality of the musculoskeletal system,8.64572513891853,1,0.1,0,0.0,0,0.0,0.1
HP:0002816,Genu recurvatum,Abnormality of the musculoskeletal system; Abnormality of limbs,8.31314979983166,1,0.1,0,0.0,0,0.0,0.1
HP:0001540,Diastasis recti,Abnormality of the digestive system; Abnormality of the musculoskeletal system,8.271329624137033,1,0.1,0,0.0,0,0.0,0.1
HP:0002036,Hiatus hernia,Abnormality of the digestive system; Abnormality of the musculoskeletal system,8.19115927545305,1,0.1,0,0.0,0,0.0,0.1
HP:0006191,Deep palmar crease,Abnormality of the integument; Abnormality of limbs,8.078684546194637,1,0.1,0,0.0,0,0.0,0.1
HP:0000878,11 pairs of ribs,Abnormality of the musculoskeletal system,8.008295218303239,1,0.1,0,0.0,0,0.0,0.1
HP:0000402,Stenosis of the external auditory canal,Abnormality of the ear,7.815650140360844,1,0.1,0,0.0,0,0.0,0.1
HP:0002474,Expressive language delay,Abnormality of the nervous system,7.785902796966791,1,0.1,0,0.0,0,0.0,0.1
HP:0010880,Increased nuchal translucency,Abnormality of head or neck; Abnormality of prenatal development or birth; Abnormality of metabolism/homeostasis,7.785902796966791,1,0.1,0,0.0,0,0.0,0.1
HP:0000579,Nasolacrimal duct obstruction,Abnormality of head or neck,7.728187299110504,1,0.1,0,0.0,0,0.0,0.1
HP:0000298,Mask-like facies,Abnormality of head or neck,7.6726921865188,1,0.1,0,0.0,0,0.0,0.1
HP:0001612,Weak cry,Abnormality of the voice,7.61925292755734,1,0.1,0,0.0,0,0.0,0.1
HP:0002943,Thoracic scoliosis,Abnormality of the musculoskeletal system,7.423332717582083,1,0.1,0,0.0,0,0.0,0.1
HP:0000336,Prominent supraorbital ridges,Abnormality of head or neck,7.31314979983166,1,0.1,0,0.0,0,0.0,0.1
HP:0001840,Metatarsus adductus,Abnormality of the musculoskeletal system; Abnormality of limbs,7.31314979983166,1,0.1,0,0.0,0,0.0,0.1
HP:0000965,Cutis marmorata,Abnormality of the integument; Abnormality of the cardiovascular system,7.2920881843038305,1,0.1,0,0.0,0,0.0,0.1
HP:0100702,Arachnoid cyst,Abnormality of the nervous system,7.271329624137032,1,0.1,0,0.0,0,0.0,0.1
HP:0001377,Limited elbow extension,Abnormality of the musculoskeletal system; Abnormality of limbs,7.19115927545305,1,0.1,0,0.0,0,0.0,0.1
HP:0010862,Delayed fine motor development,Abnormality of the nervous system,7.171793950586118,1,0.1,0,0.0,0,0.0,0.1
HP:0000649,Abnormality of visual evoked potentials,Abnormality of the eye; Abnormality of the nervous system,7.133826100387098,1,0.1,0,0.0,0,0.0,0.1
HP:0005469,Flat occiput,Abnormality of head or neck; Abnormality of the musculoskeletal system,7.115210422219751,1,0.1,0,0.0,0,0.0,0.1
HP:0001822,Hallux valgus,Abnormality of the musculoskeletal system; Abnormality of limbs,7.096831892904897,1,0.1,0,0.0,0,0.0,0.1
HP:0001488,Bilateral ptosis,Abnormality of the eye,7.078684546194637,1,0.1,0,0.0,0,0.0,0.1
HP:0001181,Adducted thumb,Abnormality of the musculoskeletal system; Abnormality of limbs,6.924879210115601,1,0.1,0,0.0,0,0.0,0.1
HP:0009879,Simplified gyral pattern,Abnormality of the nervous system,6.830757032751051,1,0.1,0,0.0,0,0.0,0.1
HP:0009125,Lipodystrophy,Abnormality of the musculoskeletal system,6.785902796966791,1,0.1,0,0.0,0,0.0,0.1
HP:0002308,Chiari malformation,Abnormality of the nervous system,6.423332717582083,1,0.1,0,0.0,0,0.0,0.1
HP:0010804,Tented upper lip vermilion,Abnormality of head or neck,6.423332717582083,1,0.1,0,0.0,0,0.0,0.1
HP:0011003,High myopia,Abnormality of the eye,6.411927954309833,1,0.1,0,0.0,0,0.0,0.1
HP:0000646,Amblyopia,Abnormality of the eye,6.400612641082,1,0.1,0,0.0,0,0.0,0.1
HP:0001647,Bicuspid aortic valve,Abnormality of the cardiovascular system,6.356218521723545,1,0.1,0,0.0,0,0.0,0.1
HP:0000687,Widely spaced teeth,Abnormality of head or neck,6.334523450624227,1,0.1,0,0.0,0,0.0,0.1
HP:0011304,Broad thumb,Abnormality of the musculoskeletal system; Abnormality of limbs,6.334523450624227,1,0.1,0,0.0,0,0.0,0.1
HP:0000973,Cutis laxa,Abnormality of the integument,6.152685127638414,1,0.1,0,0.0,0,0.0,0.1
HP:0006532,Recurrent pneumonia,Abnormality of the respiratory system; Abnormality of the immune system,5.982760126196101,1,0.1,0,0.0,0,0.0,0.1
HP:0000774,Narrow chest,Abnormality of the musculoskeletal system,5.965984413445275,1,0.1,0,0.0,0,0.0,0.1
HP:0001357,Plagiocephaly,Abnormality of head or neck; Abnormality of the musculoskeletal system,5.933007090999002,1,0.1,0,0.0,0,0.0,0.1
HP:0002904,Hyperbilirubinemia,Abnormality of metabolism/homeostasis,5.933007090999002,1,0.1,0,0.0,0,0.0,0.1
HP:0000543,Optic disc pallor,Abnormality of the eye,5.6726921865188,1,0.1,0,0.0,0,0.0,0.1
HP:0001622,Premature birth,Abnormality of prenatal development or birth,5.6726921865188,1,0.1,0,0.0,0,0.0,0.1
HP:0002714,Downturned corners of mouth,Abnormality of head or neck,5.580433678666812,1,0.1,0,0.0,0,0.0,0.1
HP:0000341,Narrow forehead,Abnormality of head or neck,5.548863599665942,1,0.1,0,0.0,0,0.0,0.1
HP:0000411,Protruding ear,Abnormality of the ear,5.536426496427719,1,0.1,0,0.0,0,0.0,0.1
HP:0000426,Prominent nasal bridge,Abnormality of head or neck,5.536426496427719,1,0.1,0,0.0,0,0.0,0.1
HP:0001363,Craniosynostosis,Abnormality of head or neck; Abnormality of the musculoskeletal system,5.5240956945169994,1,0.1,0,0.0,0,0.0,0.1
HP:0002188,Delayed CNS myelination,Abnormality of the nervous system,5.452245409497322,1,0.1,0,0.0,0,0.0,0.1
HP:0002342,Moderate intellectual disability,Abnormality of the nervous system,5.400612641082,1,0.1,0,0.0,0,0.0,0.1
HP:0001537,Umbilical hernia,Abnormality of the digestive system; Abnormality of the musculoskeletal system,5.2920881843038305,1,0.1,0,0.0,0,0.0,0.1
HP:0000540,Hypermetropia,Abnormality of the eye,5.225686958581321,1,0.1,0,0.0,0,0.0,0.1
HP:0001320,Cerebellar vermis hypoplasia,Abnormality of the nervous system,5.105991892190373,1,0.1,0,0.0,0,0.0,0.1
HP:0012385,Camptodactyly,Abnormality of the musculoskeletal system,4.669293610056935,1,0.1,0,0.0,0,0.0,0.1
HP:0000233,Thin vermilion border,Abnormality of head or neck,4.409090795006304,1,0.1,0,0.0,0,0.0,0.1
HP:0001156,Brachydactyly,Abnormality of the musculoskeletal system; Abnormality of limbs,4.375473078803491,1,0.1,0,0.0,0,0.0,0.1
HP:0002007,Frontal bossing,Abnormality of head or neck; Abnormality of the musculoskeletal system,4.350764091631437,1,0.1,0,0.0,0,0.0,0.1
HP:0002094,Dyspnea,Abnormality of the respiratory system,4.321127857255184,1,0.1,0,0.0,0,0.0,0.1
HP:0000256,Macrocephaly,Abnormality of head or neck; Abnormality of the musculoskeletal system,4.24074130430361,1,0.1,0,0.0,0,0.0,0.1
HP:0000431,Wide nasal bridge,Abnormality of head or neck,4.152685127638414,1,0.1,0,0.0,0,0.0,0.1
HP:0001382,Joint hypermobility,Abnormality of the musculoskeletal system,4.133826100387098,1,0.1,0,0.0,0,0.0,0.1
HP:0001347,Hyperreflexia,Abnormality of the nervous system,3.707125683582674,1,0.1,0,0.0,0,0.0,0.1
HP:0001257,Spasticity,Abnormality of the nervous system; Abnormality of the musculoskeletal system,3.299950302076801,1,0.1,0,0.0,0,0.0,0.1
HP:0002650,Scoliosis,Abnormality of the musculoskeletal system,2.9350462362726004,1,0.1,0,0.0,0,0.0,0.1
